"Label","Minnesota!!Estimate","Mississippi!!Estimate","Missouri!!Estimate","Montana!!Estimate","Nebraska!!Estimate","Nevada!!Estimate","New Hampshire!!Estimate","New Jersey!!Estimate","New Mexico!!Estimate","New York!!Estimate","North Carolina!!Estimate","North Dakota!!Estimate","Ohio!!Estimate","Oklahoma!!Estimate","Oregon!!Estimate","Pennsylvania!!Estimate","Rhode Island!!Estimate","South Carolina!!Estimate","South Dakota!!Estimate","Tennessee!!Estimate","Texas!!Estimate","Utah!!Estimate","Vermont!!Estimate","Virginia!!Estimate","West Virginia!!Estimate","Washington!!Estimate","Wisconsin!!Estimate","Wyoming!!Estimate","Puerto Rico!!Estimate","Alabama!!Estimate","Alaska!!Estimate","Arizona!!Estimate","Arkansas!!Estimate","California!!Estimate","Colorado!!Estimate","Connecticut!!Estimate","Delaware!!Estimate","District of Columbia!!Estimate","Florida!!Estimate","Georgia!!Estimate","Idaho!!Estimate","Hawaii!!Estimate","Illinois!!Estimate","Indiana!!Estimate","Iowa!!Estimate","Kansas!!Estimate","Kentucky!!Estimate","Louisiana!!Estimate","Maine!!Estimate","Maryland!!Estimate","Massachusetts!!Estimate","Michigan!!Estimate"
"Total:","461,758","69,752","247,788","22,685","133,424","566,391","81,287","1,968,048","201,234","4,439,868","799,570","29,629","520,956","234,536","405,811","865,715","144,197","240,439","30,112","333,883","4,736,692","256,526","28,992","1,038,160","29,640","1,020,967","287,374","20,276","","168,111","57,399","933,128","142,480","10,537,437","542,977","513,631","87,378","96,158","4,227,052","1,035,983","100,996","259,586","1,797,717","341,915","161,872","206,680","167,110","193,205","47,946","903,533","1,129,732","671,091"
"    Europe:","47,161","7,238","44,594","6,621","9,467","41,838","19,090","294,789","13,924","718,878","84,025","3,791","106,887","16,254","60,196","169,533","30,795","40,987","3,831","35,863","196,224","24,934","8,684","102,626","5,665","153,006","47,560","3,489","","18,982","8,233","83,651","9,784","678,305","72,858","124,303","9,363","18,094","401,985","89,916","13,335","10,848","366,829","40,812","19,153","14,456","23,154","16,378","11,343","85,017","234,648","128,773"
"        Northern Europe:","8,620","2,116","6,407","1,970","1,992","9,760","5,448","36,191","3,504","99,810","23,940","686","16,097","4,602","15,396","29,124","4,347","10,716","556","9,535","60,458","7,378","2,316","25,483","1,653","31,189","7,927","1,255","","4,736","1,412","21,592","2,564","176,885","17,663","20,642","2,763","4,373","101,209","23,920","2,435","2,957","29,332","8,255","2,682","3,530","4,655","4,100","3,651","16,691","43,889","17,982"
"            United Kingdom (inc. Crown Dependencies):","5,623","1,740","5,308","1,324","1,560","8,075","4,334","24,995","3,006","60,834","18,926","364","12,714","3,784","11,693","21,222","2,863","9,006","449","7,880","49,516","5,780","1,823","19,913","1,448","22,072","5,737","1,096","","4,164","933","17,031","2,156","131,341","13,903","14,605","2,135","2,829","79,818","19,056","1,905","1,982","18,664","6,470","2,043","3,095","3,423","3,286","2,679","13,149","23,990","14,788"
"                United Kingdom, excluding England and Scotland","2,533","576","2,583","602","624","3,001","1,968","11,819","1,461","32,280","9,081","161","5,413","1,302","4,987","10,691","1,488","3,803","196","3,280","25,147","2,274","798","9,711","608","10,798","2,471","396","","1,660","348","6,752","1,027","61,299","6,432","6,875","729","2,001","35,883","8,982","483","1,019","8,983","2,314","850","1,516","1,208","1,517","1,081","6,616","13,431","6,442"
"                England","2,682","942","2,275","658","765","4,433","1,782","10,305","1,357","24,137","8,414","173","5,853","2,211","5,566","8,805","1,146","4,396","223","3,918","20,150","2,922","843","8,482","745","9,509","2,879","584","","2,031","490","8,685","901","60,351","6,529","6,483","1,095","798","37,522","8,838","1,219","880","7,973","3,378","938","1,371","1,816","1,536","1,318","5,493","9,001","6,505"
"                Scotland","408","222","450","64","171","641","584","2,871","188","4,417","1,431","30","1,448","271","1,140","1,726","229","807","30","682","4,219","584","182","1,720","95","1,765","387","116","","473","95","1,594","228","9,691","942","1,247","311","30","6,413","1,236","203","83","1,708","778","255","208","399","233","280","1,040","1,558","1,841"
"            Ireland","851","185","481","145","243","763","578","7,389","193","28,466","1,711","30","1,573","214","1,148","5,027","996","970","15","631","3,310","266","225","2,063","82","2,309","504","91","","316","88","1,600","189","17,298","1,182","3,314","391","743","8,328","1,876","128","306","7,311","960","103","113","595","383","286","1,650","15,236","1,095"
"            Denmark","394","91","180","153","65","238","100","1,123","84","2,002","917","66","611","137","611","709","75","170","25","205","1,376","367","45","873","34","1,520","303","19","","59","61","843","83","6,967","614","543","50","195","2,366","974","80","140","872","213","120","94","116","31","197","535","1,008","587"
"            Norway","593","10","89","125","54","189","140","861","82","2,053","308","153","292","183","671","674","78","149","40","108","1,861","317","45","535","8","1,964","375","30","","58","190","720","72","4,174","574","486","55","73","2,377","267","189","145","693","200","213","79","110","102","84","365","422","271"
"            Sweden","679","63","262","141","25","347","184","1,337","88","4,740","1,631","51","546","126","819","1,048","203","253","26","598","2,795","478","155","1,220","52","2,412","573","16","","98","77","967","22","12,276","1,015","1,267","62","373","4,668","925","120","274","1,057","256","132","137","346","154","225","563","1,769","724"
"            Other Northern Europe","480","27","87","82","45","148","112","486","51","1,715","447","22","361","158","454","444","132","168","1","113","1,600","170","23","879","29","912","435","3","","41","63","431","42","4,829","375","427","70","160","3,652","822","13","110","735","156","71","12","65","144","180","429","1,464","517"
"        Western Europe:","10,015","2,849","10,573","2,697","2,642","10,654","4,090","34,194","6,109","94,745","23,307","876","21,585","6,058","14,799","28,863","2,666","13,142","998","11,422","57,192","7,569","2,401","28,739","1,956","29,993","13,735","1,024","","8,365","2,219","23,380","3,848","158,183","21,711","14,519","2,126","5,308","92,297","24,784","4,114","3,991","33,542","10,381","4,332","4,960","7,386","5,798","3,208","20,903","26,825","28,128"
"            Austria","465","64","518","133","53","606","273","2,270","229","6,497","884","21","1,439","230","453","1,394","49","459","10","349","1,463","340","174","1,364","104","1,048","941","12","","274","96","1,022","95","7,907","1,160","877","125","218","3,524","691","151","218","2,596","324","269","83","101","173","154","901","1,107","1,037"
"            Belgium","311","168","331","58","32","368","46","1,671","140","5,288","990","9","529","96","470","978","77","428","42","274","2,388","288","40","995","127","726","371","66","","107","21","662","103","6,345","513","557","77","304","3,482","1,049","77","50","1,117","249","37","111","156","295","99","959","1,290","775"
"            France","1,335","270","991","153","254","1,990","671","6,035","710","27,383","2,843","280","2,459","433","2,031","4,132","566","1,845","22","1,630","10,794","806","487","5,213","263","4,515","1,108","97","","1,098","282","3,343","688","39,126","1,869","3,213","403","2,362","18,532","3,616","411","632","4,775","1,159","444","697","828","1,269","492","4,659","7,840","3,155"
"            Germany","6,538","2,034","7,825","1,929","2,096","6,399","2,259","19,800","4,331","44,999","16,100","520","15,032","4,902","8,825","19,169","1,528","9,422","692","8,181","35,268","4,431","1,212","18,069","1,319","18,884","9,610","700","","6,436","1,477","15,132","2,697","77,700","15,476","7,664","1,175","1,761","54,844","16,513","2,760","2,520","21,602","7,454","2,994","3,624","5,879","3,496","2,041","12,508","12,469","18,629"
"            Netherlands","905","293","684","289","148","907","564","2,734","525","5,607","1,808","37","1,506","342","2,219","2,269","204","665","110","648","5,403","1,370","276","2,187","90","3,822","1,286","74","","405","205","2,343","231","17,654","1,633","1,363","258","448","8,158","2,326","451","231","2,490","908","439","358","313","327","327","1,254","2,544","3,979"
"            Switzerland","461","20","224","135","53","304","277","1,453","142","4,709","612","7","571","55","775","899","236","289","122","308","1,752","334","199","855","53","974","415","68","","45","138","847","22","9,091","1,034","784","88","215","3,444","565","264","340","839","250","97","75","109","238","82","586","1,503","514"
"            Other Western Europe","0","0","0","0","6","80","0","231","32","262","70","2","49","0","26","22","6","34","0","32","124","0","13","56","0","24","4","7","","0","0","31","12","360","26","61","0","0","313","24","0","0","123","37","52","12","0","0","13","36","72","39"
"        Southern Europe:","2,575","784","3,221","367","762","4,342","3,232","89,088","1,458","149,505","8,558","203","13,561","965","2,550","29,264","19,171","4,575","252","2,562","20,042","2,321","541","11,698","861","5,273","3,763","333","","1,486","389","7,943","710","85,152","4,483","33,180","1,758","3,135","71,528","5,735","969","1,183","36,614","4,790","1,223","1,385","1,392","2,213","1,164","12,207","88,369","15,393"
"            Greece","485","69","393","35","168","824","1,000","9,721","113","29,423","2,510","47","3,387","116","447","5,833","586","1,264","23","556","3,138","408","157","2,903","95","1,030","991","60","","396","181","1,252","96","11,689","834","4,124","402","248","10,975","928","42","74","14,109","1,858","185","199","246","484","236","3,909","10,877","3,381"
"            Italy","827","310","1,726","104","328","2,225","926","39,663","485","94,469","3,675","56","8,358","508","1,182","18,434","2,730","1,245","47","1,134","6,794","661","239","4,441","504","2,115","1,955","119","","445","148","4,070","361","31,789","1,705","17,375","1,061","939","30,174","2,405","238","578","18,928","1,718","483","589","611","770","377","4,038","18,271","8,953"
"            Portugal","222","209","141","13","34","575","1,030","30,151","54","10,767","708","3","294","82","251","2,818","15,478","775","0","357","1,580","142","29","1,663","39","319","73","35","","155","13","642","21","24,851","306","9,572","99","189","10,329","723","209","143","507","210","77","145","50","199","335","1,711","54,221","239"
"                Azores Islands","27","24","0","0","0","48","171","171","0","32","95","1","0","0","17","139","2,731","49","0","151","71","10","0","34","0","34","2","16","","0","0","90","9","8,088","11","99","0","0","915","38","32","0","5","35","0","51","8","129","16","7","14,045","7"
"            Spain","1,001","145","928","215","232","680","268","9,244","806","13,566","1,592","97","1,462","259","657","2,070","377","1,267","143","499","8,379","1,088","98","2,654","223","1,726","744","119","","479","33","1,860","232","15,757","1,611","2,079","191","1,752","19,681","1,596","475","372","3,024","986","474","444","393","760","156","2,453","4,948","1,536"
"            Other Southern Europe","40","51","33","0","0","38","8","309","0","1,280","73","0","60","0","13","109","0","24","39","16","151","22","18","37","0","83","0","0","","11","14","119","0","1,066","27","30","5","7","369","83","5","16","46","18","4","8","92","0","60","96","52","1,284"
"        Eastern Europe:","25,896","1,480","24,365","1,584","4,063","16,961","6,250","134,850","2,786","372,636","28,156","2,026","55,350","4,594","27,344","82,047","4,575","12,398","2,025","12,309","58,069","7,664","3,392","36,384","1,144","86,212","22,049","877","","4,373","4,169","30,429","2,650","256,161","28,813","55,753","2,716","5,229","136,137","35,192","5,810","2,712","266,048","17,273","10,874","4,563","9,721","4,235","3,318","35,096","75,331","67,003"
"            Albania","119","0","1,104","8","54","378","440","5,154","53","23,038","717","0","2,027","49","144","6,779","231","206","57","331","2,091","50","11","896","32","232","1,113","0","","6","11","703","16","1,438","220","4,342","0","280","7,773","369","206","0","4,853","296","102","92","234","5","118","687","10,021","9,691"
"            Belarus","1,986","32","743","160","234","158","66","3,691","40","15,356","943","6","1,211","125","739","3,113","309","470","31","218","1,269","121","42","1,024","37","3,902","528","49","","104","156","314","63","8,566","1,194","668","38","94","3,126","789","89","49","5,421","273","250","118","200","57","33","1,230","2,945","650"
"            Bulgaria","694","73","1,308","47","67","2,418","175","2,809","118","6,009","885","42","1,521","108","678","2,234","149","428","13","279","2,672","437","62","2,290","66","1,999","617","60","","109","157","1,392","52","9,067","1,311","804","234","284","4,809","2,320","394","133","11,837","714","240","235","250","316","326","1,321","3,418","1,354"
"            Croatia","265","3","455","10","51","756","120","2,555","13","6,705","893","63","2,838","55","320","1,018","19","117","362","218","1,362","464","88","826","19","401","832","9","","33","27","527","24","4,945","397","777","77","81","2,795","742","209","36","3,372","944","360","164","218","364","26","324","648","897"
"            Czechoslovakia (includes Czech Republic and Slovakia)","728","162","449","149","200","886","235","4,631","137","8,413","807","38","1,651","137","970","2,668","11","292","35","861","1,970","422","235","1,459","60","1,671","782","50","","227","100","1,110","143","9,891","2,271","1,328","173","312","8,278","1,731","146","317","5,248","430","169","280","224","96","172","1,503","1,452","1,222"
"            Hungary","406","33","434","101","85","1,218","231","4,774","183","10,088","1,408","5","3,291","179","532","2,331","86","473","56","512","2,723","157","171","1,503","94","1,066","900","25","","231","25","1,310","96","11,219","997","1,623","95","187","8,926","874","43","126","2,259","709","89","85","107","117","226","1,094","1,498","1,167"
"            Latvia","699","57","165","25","206","114","60","1,268","134","3,585","457","72","545","20","311","853","108","154","14","202","398","41","19","739","0","920","496","0","","58","76","248","4","3,134","581","461","79","63","1,137","304","31","125","1,516","342","170","143","194","32","50","761","908","820"
"            Lithuania","138","21","6","13","168","489","56","1,354","63","3,630","200","18","1,044","12","250","891","136","157","18","204","600","49","47","552","9","545","387","0","","56","17","250","28","3,707","665","689","74","182","2,201","398","7","68","11,228","416","80","10","78","63","48","583","1,488","823"
"            Macedonia","35","0","89","0","17","206","9","4,573","3","4,232","32","27","1,383","44","158","319","93","142","0","64","488","0","12","193","0","171","654","17","","0","252","213","22","743","84","1,004","0","28","980","67","54","16","3,702","1,696","103","21","63","5","0","135","107","3,574"
"            Moldova","1,662","15","266","4","35","378","12","1,881","29","6,267","1,040","46","443","150","1,078","1,231","85","294","55","186","725","189","174","1,026","0","5,093","86","86","","252","164","211","110","8,891","573","244","41","65","2,143","1,351","13","72","3,082","282","23","130","116","168","10","834","2,514","384"
"            Poland","2,007","377","1,310","244","335","1,582","720","46,304","396","70,385","3,529","229","4,758","584","1,066","12,491","1,231","1,635","65","1,017","6,940","658","460","3,494","167","4,394","4,150","37","","337","234","5,270","414","21,581","3,914","24,898","609","655","21,513","2,776","252","336","129,891","2,469","373","398","449","345","507","3,962","11,122","11,638"
"            Romania","1,221","68","1,347","138","282","1,908","755","6,478","272","19,298","2,391","78","6,359","417","3,898","4,294","370","1,214","88","1,913","6,666","429","181","3,259","67","7,247","1,155","94","","533","154","5,874","518","24,269","2,028","2,493","174","462","11,773","6,398","395","162","15,374","1,065","325","360","308","613","286","2,231","2,714","9,003"
"            Russia","6,783","455","3,259","364","679","2,653","1,213","20,398","770","74,185","6,839","300","9,931","1,361","5,718","15,241","992","3,198","198","3,083","15,404","1,714","436","8,916","398","19,322","3,699","263","","1,234","1,726","4,420","508","66,511","6,972","5,390","516","1,182","24,611","7,856","672","587","16,893","2,756","1,113","1,111","1,770","978","751","9,715","19,210","6,840"
"            Ukraine","4,493","89","2,454","229","664","1,067","873","18,882","316","76,570","4,552","110","9,211","743","9,194","18,841","402","2,676","523","1,813","5,756","821","267","4,863","105","31,620","2,163","130","","811","739","1,780","398","56,110","3,667","4,841","338","529","15,406","3,576","1,467","256","25,438","1,628","812","926","895","427","188","6,910","9,549","5,176"
"            Bosnia and Herzegovina","2,925","13","9,211","28","776","785","734","1,034","55","7,902","1,773","877","2,746","61","1,023","3,096","93","391","314","720","4,095","1,380","995","2,672","0","3,467","1,218","0","","26","80","3,649","63","4,871","1,504","2,864","24","105","8,654","3,622","1,206","118","9,452","1,744","6,001","313","3,598","350","413","403","1,705","5,781"
"            Serbia","458","54","377","11","78","1,065","110","1,362","71","4,963","338","52","1,592","99","150","772","43","180","0","94","1,299","118","31","610","0","304","974","2","","64","130","1,106","59","4,362","323","716","101","392","4,123","283","100","130","5,949","490","175","36","118","57","39","541","1,342","1,280"
"            Other Eastern Europe","1,277","28","1,388","53","132","900","441","7,702","133","32,010","1,352","63","4,799","450","1,115","5,875","217","371","196","594","3,611","614","161","2,062","90","3,858","2,295","55","","292","121","2,052","132","16,856","2,112","2,611","143","328","7,889","1,736","526","181","10,533","1,019","489","141","899","242","125","2,862","4,690","6,703"
"        Europe, n.e.c.","55","9","28","3","8","121","70","466","67","2,182","64","0","294","35","107","235","36","156","0","35","463","2","34","322","51","339","86","0","","22","44","307","12","1,924","188","209","0","49","814","285","7","5","1,293","113","42","18","0","32","2","120","234","267"
"    Asia:","173,928","22,131","98,453","6,334","38,682","173,658","31,237","642,302","26,303","1,281,778","220,437","10,381","225,908","65,897","131,461","339,510","27,956","59,463","10,692","101,334","1,022,830","53,930","9,285","438,737","13,696","441,302","105,828","3,782","","53,406","31,929","192,656","33,352","4,106,292","133,823","126,315","30,605","19,977","450,187","309,510","19,577","205,371","547,690","121,237","60,464","66,530","56,928","60,260","13,517","293,660","343,718","344,281"
"        Eastern Asia:","38,051","5,323","29,993","2,887","8,072","38,946","8,412","178,581","6,767","589,285","53,466","2,265","61,579","15,171","45,031","105,463","8,102","17,264","2,424","26,477","211,407","16,672","3,148","114,687","4,142","154,730","26,208","1,295","","21,677","5,768","45,475","7,976","1,356,780","42,864","36,034","8,746","6,967","100,198","92,080","5,962","66,900","145,344","39,053","17,392","15,164","14,568","11,553","4,318","97,483","134,126","74,275"
"            China:","21,763","3,465","20,019","1,525","4,701","23,296","5,648","98,823","4,123","469,893","32,035","1,334","41,231","8,741","26,899","71,609","6,252","10,565","1,433","14,135","141,799","9,798","2,032","50,294","2,775","89,183","18,021","772","","9,861","1,445","28,748","4,893","921,471","22,937","24,996","6,574","4,306","66,016","41,486","4,234","26,326","90,853","26,871","10,926","9,679","7,475","7,635","2,937","56,433","109,540","44,275"
"                China, excluding Hong Kong and Taiwan","18,562","2,831","16,861","1,313","4,196","17,184","4,950","74,395","3,224","397,220","26,451","1,240","34,939","7,115","21,341","62,929","5,313","9,000","1,288","11,929","103,432","7,152","1,663","39,240","2,515","65,878","15,702","672","","8,775","1,138","22,644","4,087","639,505","18,822","20,996","5,816","3,646","53,364","33,508","3,485","19,598","76,387","24,106","10,019","8,302","6,572","6,390","2,723","43,664","92,586","37,714"
"                Hong Kong","1,383","75","820","98","209","2,289","338","8,691","230","41,125","1,683","19","1,618","328","2,286","3,131","498","420","135","507","8,773","971","76","3,326","68","8,808","611","38","","146","66","2,142","181","102,099","1,048","1,807","158","225","5,277","1,794","261","3,898","6,109","885","193","455","197","305","82","3,626","8,289","1,524"
"                Taiwan","1,818","559","2,338","114","296","3,823","360","15,737","669","31,548","3,901","75","4,674","1,298","3,272","5,549","441","1,145","10","1,699","29,594","1,675","293","7,728","192","14,497","1,708","62","","940","241","3,962","625","179,867","3,067","2,193","600","435","7,375","6,184","488","2,830","8,357","1,880","714","922","706","940","132","9,143","8,665","5,037"
"            Japan","2,800","824","2,017","535","974","4,640","645","9,150","950","29,960","6,308","407","7,449","1,433","6,359","4,967","586","2,109","143","4,310","15,521","2,205","421","8,764","734","18,193","1,593","135","","1,813","673","5,524","1,102","107,699","3,979","3,314","338","1,117","10,972","7,276","817","23,077","10,967","4,544","849","1,450","3,087","1,350","553","5,685","7,607","10,078"
"            Korea","13,462","962","7,635","827","2,394","10,936","2,052","70,500","1,694","89,232","15,108","524","12,833","4,996","11,714","28,661","1,255","4,578","840","7,982","54,041","4,451","690","53,432","633","46,253","6,367","373","","10,003","3,589","11,167","1,939","323,169","14,915","7,701","1,834","1,498","22,851","43,260","863","17,357","40,673","7,502","5,602","3,993","3,946","2,497","828","35,106","16,835","19,815"
"            Other Eastern Asia","26","72","322","0","3","74","67","108","0","200","15","0","66","1","59","226","9","12","8","50","46","218","5","2,197","0","1,101","227","15","","0","61","36","42","4,441","1,033","23","0","46","359","58","48","140","2,851","136","15","42","60","71","0","259","144","107"
"        South Central Asia:","40,818","6,096","29,621","777","10,799","19,871","12,823","302,367","5,989","407,792","87,326","4,159","91,834","16,431","28,464","130,435","7,651","16,740","3,128","30,708","392,313","13,622","3,453","169,819","4,352","102,078","29,219","678","","13,888","1,499","56,711","11,005","832,731","37,543","56,569","14,049","6,048","128,544","124,630","3,497","3,090","209,289","35,519","14,379","20,780","19,401","11,131","2,255","108,748","98,671","106,473"
"            Afghanistan","332","52","739","0","539","684","0","1,372","293","7,503","624","60","615","0","665","1,468","18","105","37","380","6,532","546","2","15,791","48","1,750","326","2","","79","9","1,683","11","35,789","1,529","1,051","92","25","1,254","2,132","277","66","1,044","304","130","231","427","16","213","1,630","616","462"
"            Bangladesh","886","195","723","45","90","1,172","104","15,083","259","97,511","1,881","176","1,566","1,145","882","8,589","34","293","139","597","14,565","131","81","11,188","177","1,219","628","61","","796","212","1,694","647","15,172","698","3,401","719","276","9,477","6,336","27","36","2,762","995","520","834","281","458","58","4,807","3,401","15,528"
"            India","30,163","4,436","19,703","170","6,496","9,486","7,905","248,849","3,093","160,769","66,430","1,363","60,167","9,834","17,628","87,256","5,857","13,113","1,008","21,276","253,898","7,501","857","87,110","2,743","75,552","22,672","289","","9,276","650","40,183","8,282","486,876","21,981","41,480","11,434","2,984","85,926","89,194","1,956","1,705","160,356","28,740","9,913","14,203","11,347","6,688","1,318","61,911","69,848","71,810"
"            Iran","1,766","282","1,589","146","420","4,646","347","5,308","900","18,464","3,641","243","3,509","2,020","4,056","4,363","277","1,122","39","3,083","27,523","1,444","130","14,973","724","7,604","1,037","121","","1,031","142","6,942","490","205,396","3,236","1,528","585","1,385","9,711","6,156","302","453","6,778","1,439","385","1,118","1,312","729","98","11,495","6,244","3,711"
"            Kazakhstan","672","23","316","77","18","149","95","838","57","4,433","813","2","745","137","895","1,255","95","290","4","110","1,518","67","56","1,040","0","2,182","181","0","","139","76","335","11","4,730","480","216","38","146","2,173","467","27","51","1,161","355","62","140","161","59","155","770","1,009","496"
"            Nepal","2,439","434","1,483","122","1,737","618","2,242","1,767","432","13,484","4,128","995","6,864","1,095","600","5,578","355","191","1,054","1,587","18,578","1,820","678","8,723","187","2,753","1,036","92","","562","92","1,243","349","14,010","4,380","1,296","200","279","1,301","3,252","418","327","2,923","516","1,092","1,371","1,859","833","173","6,544","5,766","1,922"
"            Pakistan","2,457","477","3,737","127","298","1,850","519","24,038","636","62,239","5,593","115","3,869","1,897","975","10,124","863","920","111","1,796","58,890","916","119","25,942","392","5,192","2,435","75","","1,582","158","2,075","1,082","49,930","1,552","6,061","783","532","14,000","11,672","154","103","28,722","2,590","948","1,473","1,122","1,924","212","16,451","6,624","9,453"
"            Sri Lanka","763","160","364","15","96","911","71","2,488","94","6,254","532","116","1,299","262","474","1,237","116","109","14","448","5,088","152","14","1,548","75","1,008","246","3","","246","24","868","63","11,605","222","1,115","123","256","2,036","1,171","0","236","1,216","371","234","479","254","391","19","3,065","1,883","1,402"
"            Uzbekistan","238","0","320","0","140","0","128","1,990","123","28,123","681","0","2,198","16","792","3,484","12","400","18","466","1,522","21","5","887","0","1,714","120","17","","123","44","625","25","5,989","1,189","300","0","94","1,637","830","94","103","1,118","131","33","50","405","23","0","1,052","1,265","369"
"            Other South Central Asia","1,102","37","647","75","965","355","1,412","634","102","9,012","3,003","1,089","11,002","25","1,497","7,081","24","197","704","965","4,199","1,024","1,511","2,617","6","3,104","538","18","","54","92","1,063","45","3,234","2,276","121","75","71","1,029","3,420","242","10","3,209","78","1,062","881","2,233","10","9","1,023","2,015","1,320"
"        South Eastern Asia:","85,579","8,811","28,612","2,162","15,814","106,142","7,489","110,537","9,758","164,482","63,185","2,827","40,611","29,546","50,333","75,382","9,007","21,439","4,657","29,831","341,734","19,297","1,758","118,805","3,358","164,057","43,157","1,545","","13,991","24,177","65,313","12,290","1,624,605","43,024","23,325","5,678","4,912","162,897","76,109","7,173","134,544","133,017","37,574","24,203","26,348","16,665","31,298","5,038","70,911","78,168","46,118"
"            Cambodia","4,716","195","840","24","9","1,188","284","952","138","2,987","2,559","30","3,550","589","2,886","7,689","2,902","1,158","62","1,544","9,264","1,159","76","4,798","0","12,154","516","24","","571","158","1,612","351","54,311","1,711","1,671","263","136","3,471","3,070","70","336","2,593","367","472","966","982","316","1,040","1,795","14,698","1,083"
"            Indonesia","667","127","496","92","165","1,447","991","2,081","130","5,322","930","18","1,549","521","1,520","3,509","173","141","37","464","7,501","561","58","2,124","121","4,215","528","134","","153","16","1,505","96","40,064","1,655","494","204","198","2,790","2,207","174","450","1,586","1,075","283","404","332","857","128","2,167","1,896","1,140"
"            Laos","24,413","101","894","89","510","1,618","423","461","210","2,227","7,294","3","2,580","2,102","3,995","2,665","1,760","1,144","252","4,154","9,110","1,476","124","2,366","27","6,218","16,269","2","","732","1,288","1,284","2,920","53,027","2,578","2,128","176","0","4,001","4,040","835","854","3,674","780","3,521","3,318","425","1,173","4","574","2,535","3,539"
"            Malaysia","1,243","102","483","18","565","587","105","2,070","82","10,682","1,159","14","1,140","1,154","988","1,933","62","239","11","945","7,613","433","91","2,319","60","2,408","851","3","","226","85","1,351","149","16,713","1,193","626","107","145","2,246","2,137","213","443","2,648","2,007","1,028","727","469","309","53","1,960","1,835","1,329"
"            Burma","7,771","27","1,688","5","3,950","843","81","1,235","30","13,556","3,888","0","1,849","3,676","1,133","2,027","149","924","1,372","2,049","13,398","1,214","37","1,854","0","2,523","2,577","9","","47","22","2,143","260","24,816","2,266","525","21","137","3,942","4,284","336","211","4,194","12,308","4,843","2,089","2,478","260","224","4,119","1,616","3,175"
"            Philippines","9,370","3,511","9,822","1,362","2,400","84,894","2,474","83,800","4,947","87,854","17,509","2,074","14,808","5,329","14,216","20,326","1,989","10,119","1,439","9,750","99,561","5,434","659","53,623","2,193","69,465","7,832","1,046","","4,752","18,666","30,870","3,156","841,143","11,007","8,798","3,307","2,258","81,003","16,949","2,963","120,209","88,951","10,643","4,399","5,295","5,930","6,471","2,010","36,218","11,899","19,972"
"            Singapore","194","39","125","0","26","383","86","1,169","89","3,292","409","9","385","116","333","721","90","70","9","140","2,564","136","2","810","56","1,401","235","2","","130","20","1,330","151","10,756","493","537","17","317","756","716","556","523","1,071","217","47","86","67","267","6","650","1,304","519"
"            Thailand","18,549","507","2,558","233","2,314","5,592","969","2,463","917","13,455","5,623","190","2,949","1,701","3,592","3,309","712","2,118","930","1,995","15,050","2,068","146","7,886","246","9,716","10,875","259","","1,324","2,867","4,467","1,033","68,656","4,436","1,488","356","195","12,590","4,968","579","2,324","7,012","3,716","2,393","2,433","1,825","1,336","302","3,997","5,092","3,315"
"            Vietnam","18,649","4,199","11,667","339","5,875","9,590","2,076","16,251","3,215","24,886","23,814","489","11,801","14,358","21,647","33,139","1,170","5,526","545","8,790","177,574","6,807","565","42,986","655","55,863","3,471","66","","6,056","1,036","20,732","4,174","514,856","17,685","7,056","1,222","1,526","51,824","37,689","1,432","9,181","21,237","6,461","7,217","10,995","4,157","20,309","1,271","19,394","37,267","12,037"
"            Other South Eastern Asia","7","3","39","0","0","0","0","55","0","221","0","0","0","0","23","64","0","0","0","0","99","9","0","39","0","94","3","0","","0","19","19","0","263","0","2","5","0","274","49","15","13","51","0","0","35","0","0","0","37","26","9"
"        Western Asia:","9,040","1,720","9,424","508","3,928","8,456","2,475","48,487","3,569","116,946","15,485","1,130","28,937","4,547","7,402","27,058","3,087","3,803","441","13,817","73,732","4,266","904","34,067","1,803","19,677","6,405","256","","3,491","435","24,406","1,877","281,065","10,068","10,059","1,965","2,014","55,348","16,254","2,945","731","53,246","8,641","4,352","4,037","5,899","5,153","1,868","16,077","32,056","115,138"
"            Iraq","2,285","52","2,546","85","1,919","1,015","630","1,175","871","5,709","1,903","303","3,256","671","1,523","2,985","335","528","130","6,539","18,508","1,611","294","8,338","70","4,625","1,116","5","","202","0","10,733","241","45,070","2,416","855","164","141","5,008","2,909","958","52","13,363","435","1,800","752","1,413","398","1,129","1,604","3,774","56,590"
"            Israel","551","30","539","3","139","1,829","273","8,787","171","31,212","1,714","0","1,677","426","641","3,601","109","975","18","497","4,608","160","70","1,896","99","2,893","599","0","","302","16","1,877","69","33,162","1,289","1,228","194","231","13,344","3,129","43","216","4,837","490","253","137","228","464","75","3,071","4,511","1,968"
"            Jordan","800","245","1,025","0","237","587","136","5,644","180","4,602","2,250","64","3,840","398","835","1,287","230","292","35","1,114","7,636","88","0","2,301","38","558","1,033","14","","378","46","1,561","464","14,203","577","544","75","0","3,621","1,096","23","28","9,512","968","214","734","652","1,341","158","889","955","4,157"
"            Kuwait","438","78","249","16","67","106","60","1,015","458","1,583","586","8","1,803","295","213","865","0","86","0","779","4,243","135","26","1,174","213","572","204","10","","374","0","1,743","119","6,074","473","224","31","91","1,702","306","742","9","1,860","379","60","275","177","237","22","530","981","1,395"
"            Lebanon","723","119","984","26","79","1,254","464","4,022","220","6,926","1,793","88","4,144","310","749","2,348","604","364","10","709","9,471","231","113","3,543","138","1,881","419","12","","452","55","1,664","89","30,979","1,030","1,149","64","211","7,836","1,702","35","100","2,899","780","605","403","316","435","62","1,247","6,952","20,398"
"            Saudi Arabia","1,109","115","1,721","172","467","448","247","1,723","428","3,378","810","170","5,840","1,381","1,280","3,184","213","160","100","1,820","8,252","799","150","5,607","511","2,856","1,513","117","","749","0","2,189","420","11,890","1,387","1,380","298","214","4,174","1,473","767","65","3,917","2,255","682","788","1,978","684","20","1,454","2,248","4,052"
"            Syria","602","49","861","0","428","429","135","5,658","113","7,311","1,189","388","2,899","416","488","4,855","682","347","40","493","5,352","147","11","1,808","313","570","406","50","","73","34","2,086","172","26,671","411","1,343","75","110","4,874","1,617","101","97","7,904","786","191","247","260","361","153","1,189","2,977","5,808"
"            Yemen","495","792","168","0","38","47","0","316","0","16,979","1,790","0","176","19","49","180","0","14","22","527","474","52","0","653","125","317","92","48","","225","0","45","44","7,946","90","356","63","46","99","140","38","0","1,525","534","6","45","15","468","0","153","16","16,576"
"            Turkey","996","145","524","134","304","623","382","13,977","319","18,894","2,196","34","2,108","240","704","4,193","377","556","50","719","7,952","318","87","5,345","201","2,200","728","0","","536","184","1,163","226","17,367","1,085","1,895","836","317","9,584","2,268","111","95","4,478","1,010","191","237","191","413","172","3,212","5,745","1,571"
"            Armenia","47","0","220","18","23","1,652","17","908","33","3,146","172","0","372","32","320","385","279","12","2","63","915","363","43","346","0","761","77","0","","16","0","151","0","72,990","319","95","0","216","808","101","3","22","524","70","29","28","11","0","0","388","1,720","313"
"            Other Western Asia","994","95","587","54","227","466","131","5,262","776","17,206","1,082","75","2,822","359","600","3,175","258","469","34","557","6,321","362","110","3,056","95","2,444","218","0","","184","100","1,194","33","14,713","991","990","165","437","4,298","1,513","124","47","2,427","934","321","391","658","352","77","2,340","2,177","2,310"
"        Asia,n.e.c.","440","181","803","0","69","243","38","2,330","220","3,273","975","0","2,947","202","231","1,172","109","217","42","501","3,644","73","22","1,359","41","760","839","8","","359","50","751","204","11,111","324","328","167","36","3,200","437","0","106","6,794","450","138","201","395","1,125","38","441","697","2,277"
"    Africa:","113,075","2,590","22,730","859","11,722","18,623","5,709","108,534","4,309","199,069","54,894","7,800","69,833","10,571","15,380","71,061","17,827","9,252","6,913","34,390","228,786","9,209","2,506","109,662","2,284","59,268","13,694","984","","8,517","2,424","29,960","3,680","184,680","35,646","23,679","9,006","14,892","71,913","102,973","2,791","1,570","66,035","23,923","18,557","12,254","18,099","7,909","7,774","157,222","105,168","31,203"
"        Eastern Africa:","74,379","636","9,760","199","5,139","11,926","2,079","11,735","901","22,290","13,204","2,913","25,578","3,082","8,897","12,825","793","2,210","4,094","10,528","65,227","3,621","1,221","43,232","624","39,206","5,267","390","","2,699","784","11,402","732","57,654","15,828","3,121","2,442","7,413","13,946","30,030","1,046","394","12,154","6,079","6,133","7,266","6,983","1,807","4,440","39,245","26,640","9,287"
"            Eritrea","1,703","0","570","0","182","945","2","319","0","1,274","1,313","84","1,600","230","625","661","67","96","618","384","5,018","0","0","2,332","0","3,742","340","0","","55","10","1,407","0","6,522","1,273","106","68","555","756","2,401","51","0","776","474","432","366","34","104","96","2,604","738","510"
"            Ethiopia","21,900","333","2,425","54","793","9,108","234","2,082","176","6,325","3,725","166","6,232","788","3,774","3,922","217","695","2,182","3,839","20,331","522","95","29,850","342","18,461","1,213","86","","450","153","1,968","208","24,270","9,513","884","93","5,815","3,184","14,317","125","34","3,928","1,733","1,084","1,664","1,430","511","266","24,001","4,967","2,154"
"            Kenya","13,178","35","2,998","67","926","673","652","6,156","249","3,786","3,410","698","3,594","1,116","1,594","3,736","233","719","192","1,568","19,061","713","477","3,976","11","6,697","1,260","192","","1,223","54","2,616","139","10,295","1,621","703","2,027","391","2,653","6,513","37","87","2,686","1,496","1,141","3,353","1,531","396","508","6,365","8,754","1,682"
"            Somalia","33,463","5","1,719","0","2,052","202","258","52","32","2,661","661","1,035","10,497","6","2,022","577","22","74","523","2,583","4,796","1,574","230","2,585","30","6,926","1,286","46","","0","317","1,852","0","2,901","1,622","111","0","17","376","2,037","36","17","1,003","644","897","1,183","1,872","78","1,318","533","3,193","1,077"
"            Other Eastern Africa","4,135","263","2,048","78","1,186","998","933","3,126","444","8,244","4,095","930","3,655","942","882","3,929","254","626","579","2,154","16,021","812","419","4,489","241","3,380","1,168","66","","971","250","3,559","385","13,666","1,799","1,317","254","635","6,977","4,762","797","256","3,761","1,732","2,579","700","2,116","718","2,252","5,742","8,988","3,864"
"        Middle Africa:","3,303","54","1,885","17","478","740","587","3,237","644","7,316","6,272","600","4,058","925","846","3,667","436","407","604","833","21,663","1,181","798","5,294","78","1,706","534","22","","565","97","2,690","226","7,180","2,940","1,371","628","1,176","2,850","7,155","390","35","5,924","1,957","2,795","229","3,014","290","1,635","20,847","5,169","2,052"
"            Cameroon","2,138","39","350","5","114","227","71","1,181","257","1,974","765","152","2,161","532","94","1,394","22","317","16","154","8,232","91","123","2,369","78","232","200","0","","207","91","302","143","2,993","590","151","615","850","814","2,916","76","0","1,563","669","152","55","298","227","20","17,273","2,091","660"
"            Other Middle Africa","1,165","15","1,535","12","364","513","516","2,056","387","5,342","5,507","448","1,897","393","752","2,273","414","90","588","679","13,431","1,090","675","2,925","0","1,474","334","22","","358","6","2,388","83","4,187","2,350","1,220","13","326","2,036","4,239","314","35","4,361","1,288","2,643","174","2,716","63","1,615","3,574","3,078","1,392"
"        Northern Africa:","5,158","592","2,432","99","2,277","2,199","1,330","37,622","485","42,142","9,130","608","8,515","1,448","2,156","13,328","703","1,615","618","11,594","20,866","1,296","202","22,313","361","5,869","1,624","155","","1,062","325","4,558","503","51,604","4,435","4,636","708","1,126","24,752","6,671","278","335","11,211","2,917","3,189","1,547","1,994","1,875","963","8,142","15,755","5,735"
"            Egypt","1,976","30","725","88","527","854","481","29,380","206","25,374","3,602","159","2,946","545","1,160","5,488","308","1,030","190","9,558","10,117","285","157","9,109","281","2,375","601","95","","465","42","1,748","260","35,533","766","1,639","546","406","11,204","2,908","144","206","5,167","1,555","612","604","633","1,088","171","3,515","5,295","3,237"
"            Morocco","882","197","325","4","67","712","176","5,022","141","9,330","2,838","0","2,277","444","511","4,471","274","245","27","333","4,056","116","14","6,827","38","1,125","615","29","","227","0","936","40","6,448","1,137","1,553","121","277","9,361","1,239","37","47","2,863","381","244","216","550","240","273","2,069","7,197","563"
"            Sudan","1,980","228","571","7","1,620","455","453","997","55","2,326","1,734","413","1,148","277","99","798","0","148","401","1,555","3,747","764","12","4,372","0","983","144","2","","279","267","1,365","0","3,339","1,342","512","0","251","1,120","1,549","24","25","1,083","434","2,147","254","103","236","379","1,773","837","601"
"            Other Northern Africa","320","137","811","0","63","178","220","2,223","83","5,112","956","36","2,144","182","386","2,571","121","192","0","148","2,946","131","19","2,005","42","1,386","264","29","","91","16","509","203","6,284","1,190","932","41","192","3,067","975","73","57","2,098","547","186","473","708","311","140","785","2,426","1,334"
"        Southern Africa:","1,624","147","952","168","277","1,126","315","3,414","345","6,563","3,588","370","1,644","583","1,089","2,761","91","1,420","283","1,073","9,658","959","88","2,842","116","3,073","738","64","","646","56","2,607","594","19,130","2,519","1,907","373","410","11,485","4,920","301","429","2,548","720","591","665","920","701","178","2,629","2,792","1,771"
"            South Africa","1,592","147","863","154","277","1,126","302","3,297","345","6,140","3,306","365","1,605","549","1,011","2,598","85","1,383","277","1,021","8,934","845","83","2,778","116","3,011","697","64","","631","56","2,509","548","18,791","2,413","1,723","348","369","11,205","4,721","299","423","2,384","687","550","649","872","674","161","2,304","2,659","1,611"
"            Other Southern Africa","32","0","89","14","0","0","13","117","0","423","282","5","39","34","78","163","6","37","6","52","724","114","5","64","0","62","41","0","","15","0","98","46","339","106","184","25","41","280","199","2","6","164","33","41","16","48","27","17","325","133","160"
"        Western Africa:","26,252","962","5,857","255","2,504","1,856","969","46,311","1,283","106,420","18,995","2,721","25,481","4,036","2,143","33,129","14,484","2,907","1,080","8,797","97,759","1,600","191","32,949","989","7,798","4,763","353","","2,835","875","6,300","1,176","41,384","8,065","10,934","4,184","3,983","16,337","47,120","560","377","28,156","10,345","4,094","2,216","4,205","2,511","505","81,153","51,272","10,554"
"            Cabo Verde","33","0","0","0","0","0","31","400","0","260","138","0","75","5","0","52","8,235","0","0","0","32","24","17","76","0","19","0","0","","15","0","142","0","475","0","869","0","61","1,150","229","0","15","28","0","0","0","0","0","0","37","28,924","9"
"            Ghana","2,575","83","1,099","107","279","338","108","14,628","88","31,385","3,664","393","9,514","997","426","5,098","409","287","65","1,007","10,631","427","53","15,237","203","1,127","750","98","","316","99","1,182","268","7,129","3,057","4,652","1,525","585","2,818","10,349","47","117","7,039","1,357","382","601","724","381","108","13,775","8,035","1,345"
"            Liberia","12,227","169","1,205","54","114","372","199","6,020","0","4,553","3,337","1,366","1,578","229","143","11,702","2,592","507","684","1,262","4,929","66","11","2,053","116","717","903","0","","263","42","1,291","70","2,355","777","642","915","172","1,334","3,641","100","48","1,184","511","1,911","28","774","37","85","7,383","2,730","1,370"
"            Nigeria","6,436","482","2,537","46","730","890","364","18,343","1,042","33,824","6,464","707","5,448","2,420","1,321","7,146","2,201","1,574","66","4,000","73,135","399","27","5,753","458","2,193","1,584","165","","1,562","461","2,542","470","25,554","2,232","2,872","1,418","1,808","8,089","23,422","318","122","16,131","6,362","487","1,090","1,046","1,606","202","35,590","8,106","4,570"
"            Sierra Leone","1,285","75","244","0","0","16","18","2,439","22","2,789","1,420","77","1,656","0","33","2,756","176","156","10","284","2,706","183","21","5,939","19","146","108","0","","47","60","276","61","2,254","116","181","156","260","324","1,327","0","4","116","78","252","27","30","42","4","10,046","987","1,026"
"            Other Western Africa","3,696","153","772","48","1,381","240","249","4,481","131","33,609","3,972","178","7,210","385","220","6,375","871","383","255","2,244","6,326","501","62","3,891","193","3,596","1,418","90","","632","213","867","307","3,617","1,883","1,718","170","1,097","2,622","8,152","95","71","3,658","2,037","1,062","470","1,631","445","106","14,322","2,490","2,234"
"        Africa, n.e.c.","2,359","199","1,844","121","1,047","776","429","6,215","651","14,338","3,705","588","4,557","497","249","5,351","1,320","693","234","1,565","13,613","552","6","3,032","116","1,616","768","0","","710","287","2,403","449","7,728","1,859","1,710","671","784","2,543","7,077","216","0","6,042","1,905","1,755","331","983","725","53","5,206","3,540","1,804"
"    Oceania:","2,270","424","2,623","330","425","3,196","541","3,356","494","14,084","3,078","113","2,720","1,768","8,302","3,291","332","1,480","108","1,674","13,678","9,205","373","2,816","394","17,481","1,401","264","","849","1,811","5,306","5,508","82,526","4,729","1,641","121","951","8,444","4,106","941","24,994","3,683","1,460","1,204","1,123","1,152","667","471","2,737","4,160","2,536"
"        Australia and New Zealand Subregion:","1,533","327","994","203","352","1,425","475","2,769","404","12,827","2,297","101","1,905","465","2,466","2,409","205","854","105","1,314","9,165","2,240","363","2,282","361","5,827","833","260","","681","278","2,634","397","29,466","3,711","1,493","87","873","6,537","2,385","481","1,714","3,194","1,105","509","526","493","521","444","2,183","3,664","2,006"
"            Australia","1,210","242","797","110","278","862","300","2,149","198","10,715","1,633","55","1,515","350","1,751","1,787","127","718","76","948","7,403","1,120","313","1,810","222","4,122","603","208","","494","191","1,830","296","21,536","2,349","1,232","42","741","4,792","2,000","337","780","2,440","835","385","382","344","349","353","1,802","2,784","1,510"
"            Other Australian and New Zealand Subregion","323","85","197","93","74","563","175","620","206","2,112","664","46","390","115","715","622","78","136","29","366","1,762","1,120","50","472","139","1,705","230","52","","187","87","804","101","7,930","1,362","261","45","132","1,745","385","144","934","754","270","124","144","149","172","91","381","880","496"
"        Fiji","33","6","46","42","9","477","0","139","32","215","114","0","56","17","1,637","522","98","71","0","7","315","139","0","250","0","4,001","46","0","","56","204","292","13","35,094","74","33","0","20","266","447","47","397","91","45","0","26","0","33","0","97","155","142"
"        Oceania, n.e.c.","704","91","1,583","85","64","1,294","66","448","58","1,042","667","12","759","1,286","4,199","360","29","555","3","353","4,198","6,826","10","284","33","7,653","522","4","","112","1,329","2,380","5,098","17,966","944","115","34","58","1,641","1,274","413","22,883","398","310","695","571","659","113","27","457","341","388"
"    Americas:","125,324","37,369","79,388","8,541","73,128","329,076","24,710","919,067","156,204","2,226,059","437,136","7,544","115,608","140,046","190,472","282,320","67,287","129,257","8,568","160,622","3,275,174","159,248","8,144","384,319","7,601","349,910","118,891","11,757","","86,357","13,002","621,555","90,156","5,485,634","295,921","237,693","38,283","42,244","3,294,523","529,478","64,352","16,803","813,480","154,483","62,494","112,317","67,777","107,991","14,841","364,897","442,038","164,298"
"        Latin America:","113,472","35,707","73,876","4,688","71,636","318,548","16,001","903,388","153,126","2,169,867","418,040","4,908","101,008","136,218","175,851","266,303","64,672","121,363","7,476","151,903","3,226,116","151,093","3,117","370,821","6,429","304,480","111,993","10,735","","82,919","10,147","578,572","87,852","5,352,176","281,793","223,734","36,967","40,072","3,181,595","510,630","59,054","12,510","795,215","147,335","59,984","109,083","64,228","105,400","5,161","356,211","411,277","128,243"
"            Caribbean:","6,866","3,183","6,785","414","4,482","24,047","5,986","328,695","3,089","1,088,499","39,269","970","16,618","3,545","4,436","118,376","31,938","11,134","900","11,160","100,739","3,144","649","36,326","1,447","8,224","5,181","225","","6,762","2,356","14,130","1,755","71,257","7,745","84,024","9,592","7,364","1,741,484","96,167","464","1,656","27,103","8,123","2,405","3,102","13,039","13,610","1,668","72,640","182,495","15,769"
"                Bahamas","193","133","95","0","11","214","56","410","27","1,521","871","9","399","342","6","571","22","271","26","673","1,036","25","11","515","47","144","79","2","","298","0","185","158","568","206","165","130","118","18,886","1,877","0","60","492","94","35","30","65","208","3","518","433","605"
"                Barbados","83","7","31","0","25","91","61","3,167","0","25,556","866","5","267","5","87","2,064","44","383","0","72","1,603","0","5","912","6","150","31","0","","109","13","139","0","1,031","198","962","156","111","6,469","2,362","0","23","513","285","42","28","68","108","48","1,503","3,830","91"
"                Cuba","1,248","816","2,759","112","3,413","18,880","358","44,141","1,835","25,336","7,432","53","2,178","1,191","2,677","6,455","547","2,534","136","4,108","49,407","829","85","7,012","310","2,072","1,333","21","","1,267","232","6,990","601","34,106","2,460","3,213","602","707","970,958","11,590","88","164","8,489","1,872","536","973","9,870","4,641","328","3,504","2,989","4,478"
"                Dominica","99","0","86","0","0","111","49","2,454","0","10,035","153","0","96","64","0","1,137","559","41","5","138","1,669","18","12","395","36","67","21","0","","70","114","67","16","372","43","1,334","187","70","7,978","914","0","0","136","65","0","0","28","469","0","596","2,674","50"
"                Dominican Republic","1,272","864","798","142","268","1,977","3,734","167,377","473","495,797","10,653","334","5,472","425","165","61,516","26,233","1,451","445","1,668","10,305","1,005","63","6,452","197","1,326","1,268","0","","301","1,433","1,696","273","6,180","1,021","21,821","1,996","1,901","125,356","11,855","37","311","3,513","2,038","167","691","617","3,868","312","12,876","86,889","3,209"
"                Grenada","117","38","16","0","9","11","0","1,161","0","22,887","369","0","69","112","0","581","0","107","0","92","1,337","26","2","364","34","15","39","0","","135","0","85","0","442","25","113","51","149","2,989","878","0","195","77","183","90","46","80","119","11","1,458","541","170"
"                Haiti","1,121","116","998","40","240","480","659","45,794","180","128,209","5,230","155","1,334","459","686","15,798","2,848","796","92","1,609","4,435","374","152","3,761","128","1,462","478","86","","1,409","203","1,120","105","4,880","1,051","14,317","3,048","448","325,644","12,390","191","159","4,586","1,302","786","460","940","1,424","227","8,886","55,871","1,381"
"                Jamaica","1,295","843","1,412","69","265","1,505","898","42,651","307","230,275","9,191","350","4,658","637","432","20,644","945","3,835","136","1,715","14,859","451","268","9,669","349","1,722","1,578","19","","1,958","134","1,931","271","14,146","1,899","36,197","2,198","2,360","215,622","40,264","141","385","7,190","1,321","459","466","868","1,183","611","26,583","19,271","4,140"
"                St. Vincent and the Grenadines","54","35","29","18","12","0","12","970","15","14,119","159","0","104","22","17","781","0","72","0","67","345","20","0","251","13","26","21","0","","150","3","61","22","395","41","219","25","19","2,599","694","0","0","42","51","0","0","37","13","11","685","373","52"
"                Trinidad and Tobago","1,044","159","248","0","86","562","140","15,129","76","94,651","2,867","43","1,310","175","232","6,246","457","1,099","34","795","10,911","139","51","4,868","188","839","190","5","","545","55","1,338","236","5,965","472","2,368","917","1,131","43,921","7,244","7","237","1,298","558","79","226","202","807","98","13,024","6,067","1,146"
"                West Indies","8","133","14","0","45","121","2","1,070","47","11,848","398","3","204","19","50","646","4","199","0","6","1,050","210","0","599","0","56","36","71","","138","53","62","44","752","140","906","0","76","3,715","1,217","0","14","357","56","23","7","35","183","0","801","1,044","95"
"                Other Caribbean","332","39","299","33","108","95","17","4,371","129","28,265","1,080","18","527","94","84","1,937","279","346","26","217","3,782","47","0","1,528","139","345","107","21","","382","116","456","29","2,420","189","2,409","282","274","17,347","4,882","0","108","410","298","188","175","229","587","19","2,206","2,513","352"
"            Central America:","85,354","30,119","58,314","3,199","63,571","275,722","4,963","263,591","145,741","496,101","329,763","2,909","65,585","125,392","161,370","92,394","20,725","90,246","5,842","127,527","2,965,763","119,489","1,183","238,907","3,457","273,163","96,992","9,807","","69,258","5,544","544,007","81,611","5,018,764","252,822","59,976","22,657","22,851","644,760","346,053","54,381","7,142","708,356","128,652","53,671","99,430","45,170","81,557","1,969","215,035","101,207","98,171"
"                Mexico","64,492","23,319","43,580","2,564","47,642","226,047","2,187","114,932","139,747","225,373","235,756","2,397","44,526","109,717","147,435","57,457","3,508","67,263","3,331","91,172","2,535,883","103,386","758","53,864","1,864","240,394","88,562","8,441","","49,403","4,157","513,583","59,287","4,140,352","228,598","26,909","15,683","4,166","268,587","254,885","52,011","5,322","652,286","105,727","42,190","85,368","32,521","32,296","964","37,005","13,964","83,598"
"                Belize","240","110","74","72","183","895","15","1,223","62","7,832","465","42","83","192","129","511","56","226","34","480","5,042","87","17","667","45","401","104","56","","52","65","356","90","16,690","296","371","28","190","4,806","778","15","0","4,292","216","72","107","25","754","0","624","190","197"
"                Costa Rica","606","58","295","41","104","859","155","14,679","161","6,914","3,323","6","625","285","546","2,275","40","1,727","9","968","4,890","459","0","2,164","31","673","686","0","","307","97","1,325","267","12,423","695","1,468","98","241","16,696","2,314","216","150","1,353","488","145","304","300","526","32","1,887","1,854","743"
"                El Salvador","7,803","657","3,759","21","4,725","25,438","523","47,782","1,980","109,733","30,618","86","6,231","3,604","5,430","6,849","2,524","3,352","915","8,986","206,561","7,295","108","107,946","643","12,240","1,117","503","","2,374","622","8,621","13,514","437,016","9,765","6,674","1,273","12,238","45,730","27,032","1,040","242","9,996","8,005","3,569","4,091","2,138","5,861","513","108,128","39,776","2,903"
"                Guatemala","7,558","3,016","5,560","125","8,901","13,493","1,070","43,819","2,209","62,085","18,946","222","8,692","7,209","5,822","12,959","13,136","7,713","1,266","12,504","73,876","5,187","118","30,780","478","11,885","2,396","756","","11,611","193","13,682","4,741","276,542","6,383","15,455","4,652","3,303","80,751","33,173","767","893","26,126","6,657","5,015","5,937","6,375","6,968","278","34,922","29,658","7,610"
"                Honduras","3,285","2,411","3,593","126","1,528","3,964","758","32,518","753","53,777","32,547","64","3,474","3,843","823","7,906","1,004","7,647","190","11,431","111,466","2,312","135","34,352","264","4,394","2,163","30","","3,344","196","3,772","2,589","60,441","4,775","6,999","417","1,670","101,324","19,083","229","75","10,648","5,562","2,003","2,902","2,815","29,600","63","23,063","11,918","2,063"
"                Nicaragua","778","241","646","174","273","3,661","74","4,961","314","10,505","3,850","40","889","173","587","1,989","139","1,162","64","788","17,654","523","34","4,684","78","2,133","1,528","15","","705","162","1,488","642","63,947","1,179","1,393","118","557","105,077","2,958","49","254","1,532","1,403","424","418","306","4,224","88","6,283","990","310"
"                Panama","547","256","742","76","199","1,301","181","3,554","437","18,970","3,915","52","1,005","369","423","2,208","266","1,155","32","1,019","9,574","224","13","4,389","54","981","436","6","","1,412","52","1,107","444","9,626","1,032","646","388","349","21,188","5,769","43","198","1,542","564","221","261","616","1,025","31","3,034","1,701","720"
"                Other Central America","45","51","65","0","16","64","0","123","78","912","343","0","60","0","175","240","52","1","1","179","817","16","0","61","0","62","0","0","","50","0","73","37","1,727","99","61","0","137","601","61","11","8","581","30","32","42","74","303","0","89","1,156","27"
"            South America:","21,252","2,405","8,777","1,075","3,583","18,779","5,052","311,102","4,296","585,267","49,008","1,029","18,805","7,281","10,045","55,533","12,009","19,983","734","13,216","159,614","28,460","1,285","95,588","1,525","23,093","9,820","703","","6,899","2,247","20,435","4,486","262,155","21,226","79,734","4,718","9,857","795,351","68,410","4,209","3,712","59,756","10,560","3,908","6,551","6,019","10,233","1,524","68,536","127,575","14,303"
"                Argentina","707","140","781","107","212","1,982","148","10,573","354","20,731","3,688","16","1,195","362","887","3,832","280","873","135","1,307","11,110","3,972","58","4,877","145","1,970","1,128","26","","289","159","2,272","289","33,205","2,216","3,031","326","1,036","55,745","2,894","357","448","4,593","870","303","440","437","575","150","3,764","3,801","1,545"
"                Bolivia","206","7","293","2","44","488","81","2,711","305","4,077","420","18","330","236","425","645","2,073","733","39","366","4,880","826","35","26,870","54","481","324","8","","90","44","595","707","9,322","562","295","8","384","10,651","485","33","48","1,650","160","73","115","190","265","20","5,546","1,149","429"
"                Brazil","2,354","444","1,953","129","805","3,054","1,816","29,646","745","24,424","6,236","224","3,454","1,062","2,288","10,504","1,437","2,990","133","1,778","19,043","4,924","115","6,317","207","5,471","1,641","51","","1,176","148","2,387","646","41,285","2,506","16,884","542","1,541","88,398","11,631","556","1,056","6,529","2,226","906","1,464","960","2,365","412","8,848","69,386","4,356"
"                Chile","944","64","299","67","210","1,494","142","5,741","316","11,300","2,179","0","719","224","855","2,471","349","635","57","804","4,654","2,656","61","2,702","151","1,944","698","189","","471","99","1,594","317","15,994","1,465","2,093","193","649","21,715","1,626","297","178","1,671","585","221","329","243","291","106","3,027","2,807","563"
"                Colombia","3,721","776","1,939","293","767","4,050","1,347","81,211","1,196","102,754","14,738","602","3,783","1,479","1,507","12,238","5,736","9,054","115","3,107","46,451","3,106","279","12,776","200","3,940","2,264","48","","1,475","673","4,882","947","44,344","4,310","15,177","1,213","2,089","262,304","21,723","660","618","14,154","1,638","772","1,509","1,669","2,104","315","12,011","24,016","2,566"
"                Ecuador","5,919","217","566","39","145","1,156","500","77,710","452","176,275","5,812","52","1,308","289","694","8,463","617","1,248","81","683","8,508","2,241","48","4,583","72","1,763","859","32","","494","126","1,644","426","21,751","1,020","19,692","424","354","52,003","3,265","331","198","17,357","737","622","829","285","1,044","113","4,580","8,317","553"
"                Guyana","3,711","152","221","24","21","265","143","23,130","74","163,223","2,685","13","1,295","80","59","4,669","192","503","5","515","4,102","67","271","2,658","70","459","114","3","","335","45","835","89","4,577","332","4,435","1,100","807","34,532","7,881","11","205","821","201","153","106","259","416","34","8,274","2,406","516"
"                Peru","1,531","354","1,076","251","693","4,535","399","60,409","463","54,351","5,960","22","4,161","1,590","2,159","7,760","778","1,966","157","2,081","20,396","6,088","231","26,014","454","4,130","1,305","243","","1,029","554","3,723","619","74,440","5,884","13,575","422","1,728","91,623","7,746","1,516","527","7,908","2,157","443","709","932","1,076","234","16,961","7,313","1,676"
"                Uruguay","144","1","246","0","29","171","326","8,762","29","5,651","1,089","12","167","70","140","748","34","361","0","114","1,825","718","24","1,412","11","695","399","0","","124","44","367","11","3,251","93","1,171","48","212","12,349","2,170","0","20","637","125","9","25","14","135","10","1,031","2,336","211"
"                Venezuela","1,344","238","1,125","103","629","1,332","143","8,482","246","13,144","5,506","66","1,990","1,822","969","3,414","438","1,419","10","2,342","36,831","3,703","92","6,346","111","1,832","800","103","","1,182","127","1,894","314","10,327","2,416","2,760","328","752","160,217","8,077","317","371","3,258","1,750","334","617","958","1,493","103","2,788","5,469","1,524"
"                Other South America","671","12","278","60","28","252","7","2,727","116","9,337","695","4","403","67","62","789","75","201","2","119","1,814","159","71","1,033","50","408","288","0","","234","228","242","121","3,659","422","621","114","305","5,814","912","131","43","1,178","111","72","408","72","469","27","1,706","575","364"
"        Northern America:","11,852","1,662","5,512","3,853","1,492","10,528","8,709","15,679","3,078","56,192","19,096","2,636","14,600","3,828","14,621","16,017","2,615","7,894","1,092","8,719","49,058","8,155","5,027","13,498","1,172","45,430","6,898","1,022","","3,438","2,855","42,983","2,304","133,458","14,128","13,959","1,316","2,172","112,928","18,848","5,298","4,293","18,265","7,148","2,510","3,234","3,549","2,591","9,680","8,686","30,761","36,055"
"            Canada","11,816","1,656","5,381","3,853","1,477","10,472","8,637","15,336","3,059","55,631","18,952","2,629","14,413","3,763","14,621","15,692","2,525","7,745","1,092","8,598","48,739","8,148","5,024","13,131","1,162","45,302","6,873","1,022","","3,229","2,843","42,798","2,258","132,843","14,105","13,742","1,146","2,172","111,793","18,187","5,266","4,275","18,201","6,987","2,481","3,223","3,472","2,581","9,622","8,412","30,222","35,976"
"            Other Northern America","36","6","131","0","15","56","72","343","19","561","144","7","187","65","0","325","90","149","0","121","319","7","3","367","10","128","25","0","","209","12","185","46","615","23","217","170","0","1,135","661","32","18","64","161","29","11","77","10","58","274","539","79"