,zcity_id,json
0,280,{-999: 'Missing'}
1,281,{-999: 'Missing'}
2,292,{-999: 'Missing'}
3,277,{-999: 'Missing'}
4,301,{-999: 'Missing'}
5,287,{-999: 'Missing'}
6,304,{-999: 'Missing'}
7,302,{-999: 'Missing'}
8,276,{-999: 'Missing'}
9,10883,{-999: 'Missing'}
10,278,{-999: 'Missing'}
11,574,{-999: 'Missing'}
12,10978,{-999: 'Missing'}
13,1021,{-999: 'Missing'}
14,303,{-999: 'Missing'}
15,306,{-999: 'Missing'}
16,279,{-999: 'Missing'}
17,305,{-999: 'Missing'}
18,283,{-999: 'Missing'}
19,289,{-999: 'Missing'}
20,1168,{-999: 'Missing'}
21,285,{-999: 'Missing'}
22,286,{-999: 'Missing'}
23,282,{-999: 'Missing'}
24,1144,{-999: 'Missing'}
25,787,{-999: 'Missing'}
26,1267,{-999: 'Missing'}
27,964,{-999: 'Missing'}
28,466,{-999: 'Missing'}
29,514,{-999: 'Missing'}
30,11187,{-999: 'Missing'}
31,499,{-999: 'Missing'}
32,288,{-999: 'Missing'}
33,946,{-999: 'Missing'}
34,291,{-999: 'Missing'}
35,10924,{-999: 'Missing'}
36,10773,{-999: 'Missing'}
37,1045,{-999: 'Missing'}
38,10981,{-999: 'Missing'}
39,290,{-999: 'Missing'}
40,730,{-999: 'Missing'}
41,496,{-999: 'Missing'}
42,1033,{-999: 'Missing'}
43,511,{-999: 'Missing'}
44,1174,{-999: 'Missing'}
45,508,{-999: 'Missing'}
46,1030,{-999: 'Missing'}
47,844,{-999: 'Missing'}
48,1081,{-999: 'Missing'}
49,943,{-999: 'Missing'}
50,415,{-999: 'Missing'}
51,11003,{-999: 'Missing'}
52,601,{-999: 'Missing'}
53,3976,{-999: 'Missing'}
54,1042,{-999: 'Missing'}
55,703,{-999: 'Missing'}
56,1177,{-999: 'Missing'}
57,3959,{-999: 'Missing'}
58,11188,{-999: 'Missing'}
59,1264,{-999: 'Missing'}
60,1189,{-999: 'Missing'}
61,11190,{-999: 'Missing'}
62,976,{-999: 'Missing'}
63,1012,{-999: 'Missing'}
64,11193,{-999: 'Missing'}
65,10796,{-999: 'Missing'}
66,10995,{-999: 'Missing'}
67,1240,{-999: 'Missing'}
68,757,{-999: 'Missing'}
69,10699,{-999: 'Missing'}
70,643,{-999: 'Missing'}
71,10963,{-999: 'Missing'}
72,907,{-999: 'Missing'}
73,421,{-999: 'Missing'}
74,817,{-999: 'Missing'}
75,430,{-999: 'Missing'}
76,1213,{-999: 'Missing'}
77,10991,{-999: 'Missing'}
78,1186,{-999: 'Missing'}
79,10959,{-999: 'Missing'}
80,11001,{-999: 'Missing'}
81,436,{-999: 'Missing'}
82,442,{-999: 'Missing'}
83,11191,{-999: 'Missing'}
84,10993,{-999: 'Missing'}
85,595,{-999: 'Missing'}
86,1153,{-999: 'Missing'}
87,766,{-999: 'Missing'}
88,5974,{-999: 'Missing'}
89,10650,{-999: 'Missing'}
90,1126,{-999: 'Missing'}
91,1141,{-999: 'Missing'}
92,1156,{-999: 'Missing'}
93,1096,{-999: 'Missing'}
94,10877,{-999: 'Missing'}
95,1063,{-999: 'Missing'}
96,862,{-999: 'Missing'}
97,11174,{-999: 'Missing'}
98,10797,{-999: 'Missing'}
99,1150,{-999: 'Missing'}
100,481,{-999: 'Missing'}
101,11265,{-999: 'Missing'}
102,6036,{-999: 'Missing'}
103,10823,{-999: 'Missing'}
104,10950,{-999: 'Missing'}
105,1201,{-999: 'Missing'}
106,10659,{-999: 'Missing'}
107,688,{-999: 'Missing'}
108,3816,{-999: 'Missing'}
109,619,{-999: 'Missing'}
110,10932,{-999: 'Missing'}
111,1204,{-999: 'Missing'}
112,988,{-999: 'Missing'}
113,11196,{-999: 'Missing'}
114,291,{-999: 'Missing'}
115,10949,{-999: 'Missing'}
116,11002,{-999: 'Missing'}
117,1015,{-999: 'Missing'}
118,10983,{-999: 'Missing'}
119,1162,{-999: 'Missing'}
120,1105,{-999: 'Missing'}
121,505,{-999: 'Missing'}
122,592,{-999: 'Missing'}
123,652,{-999: 'Missing'}
124,10903,{-999: 'Missing'}
125,10707,{-999: 'Missing'}
126,10821,{-999: 'Missing'}
127,10788,{-999: 'Missing'}
128,772,{-999: 'Missing'}
129,733,{-999: 'Missing'}
130,931,{-999: 'Missing'}
131,1180,{-999: 'Missing'}
132,1159,{-999: 'Missing'}
133,523,{-999: 'Missing'}
134,10815,{-999: 'Missing'}
135,10784,{-999: 'Missing'}
136,11005,{-999: 'Missing'}
137,814,{-999: 'Missing'}
138,715,{-999: 'Missing'}
139,1195,{-999: 'Missing'}
140,10795,{-999: 'Missing'}
141,1171,{-999: 'Missing'}
142,10942,{-999: 'Missing'}
143,490,{-999: 'Missing'}
144,700,{-999: 'Missing'}
145,535,{-999: 'Missing'}
146,10781,{-999: 'Missing'}
147,10675,{-999: 'Missing'}
148,11233,{-999: 'Missing'}
149,6007,{-999: 'Missing'}
150,694,{-999: 'Missing'}
151,8162,{-999: 'Missing'}
152,880,{-999: 'Missing'}
153,10629,{-999: 'Missing'}
154,10631,{-999: 'Missing'}
155,10968,{-999: 'Missing'}
156,511,{-999: 'Missing'}
157,1192,{-999: 'Missing'}
158,10841,{-999: 'Missing'}
159,11184,{-999: 'Missing'}
160,10980,{-999: 'Missing'}
161,10956,{-999: 'Missing'}
162,1183,{-999: 'Missing'}
163,1273,{-999: 'Missing'}
164,10853,{-999: 'Missing'}
165,10971,{-999: 'Missing'}
166,961,{-999: 'Missing'}
167,475,{-999: 'Missing'}
168,10958,{-999: 'Missing'}
169,724,{-999: 'Missing'}
170,10710,{-999: 'Missing'}
171,646,{-999: 'Missing'}
172,439,{-999: 'Missing'}
173,1165,{-999: 'Missing'}
174,1066,{-999: 'Missing'}
175,1225,{-999: 'Missing'}
176,10614,{-999: 'Missing'}
177,463,{-999: 'Missing'}
178,10706,{-999: 'Missing'}
179,10966,{-999: 'Missing'}
180,820,{-999: 'Missing'}
181,1090,{-999: 'Missing'}
182,781,{-999: 'Missing'}
183,1246,{-999: 'Missing'}
184,11222,{-999: 'Missing'}
185,1054,{-999: 'Missing'}
186,10663,{-999: 'Missing'}
187,901,{-999: 'Missing'}
188,478,{-999: 'Missing'}
189,1252,{-999: 'Missing'}
190,10916,{-999: 'Missing'}
191,526,{-999: 'Missing'}
192,10977,{-999: 'Missing'}
193,10764,{-999: 'Missing'}
194,10800,{-999: 'Missing'}
195,9655,{-999: 'Missing'}
196,685,{-999: 'Missing'}
197,10811,{-999: 'Missing'}
198,445,{-999: 'Missing'}
199,586,{-999: 'Missing'}
200,10920,{-999: 'Missing'}
201,10850,{-999: 'Missing'}
202,721,{-999: 'Missing'}
203,832,{-999: 'Missing'}
204,10957,{-999: 'Missing'}
205,970,{-999: 'Missing'}
206,9986,{-999: 'Missing'}
207,10820,{-999: 'Missing'}
208,10934,{-999: 'Missing'}
209,7905,{-999: 'Missing'}
210,1057,{-999: 'Missing'}
211,577,{-999: 'Missing'}
212,10847,{-999: 'Missing'}
213,649,{-999: 'Missing'}
214,1222,{-999: 'Missing'}
215,10806,{-999: 'Missing'}
216,1198,{-999: 'Missing'}
217,10700,{-999: 'Missing'}
218,292,{-999: 'Missing'}
219,5965,{-999: 'Missing'}
220,10897,{-999: 'Missing'}
221,10969,{-999: 'Missing'}
222,763,{-999: 'Missing'}
223,4293,{-999: 'Missing'}
224,10835,{-999: 'Missing'}
225,10778,{-999: 'Missing'}
226,1129,{-999: 'Missing'}
227,697,{-999: 'Missing'}
228,1075,{-999: 'Missing'}
229,10964,{-999: 'Missing'}
230,802,{-999: 'Missing'}
231,10812,{-999: 'Missing'}
232,5546,{-999: 'Missing'}
233,9985,{-999: 'Missing'}
234,10938,{-999: 'Missing'}
235,1117,{-999: 'Missing'}
236,469,{-999: 'Missing'}
237,5554,{-999: 'Missing'}
238,838,{-999: 'Missing'}
239,10814,{-999: 'Missing'}
240,7955,{-999: 'Missing'}
241,10716,{-999: 'Missing'}
242,937,{-999: 'Missing'}
243,10804,{-999: 'Missing'}
244,10666,{-999: 'Missing'}
245,865,{-999: 'Missing'}
246,691,{-999: 'Missing'}
247,4606,{-999: 'Missing'}
248,1111,{-999: 'Missing'}
249,1027,{-999: 'Missing'}
250,10677,{-999: 'Missing'}
251,10816,{-999: 'Missing'}
252,556,{-999: 'Missing'}
253,10970,{-999: 'Missing'}
254,3832,{-999: 'Missing'}
255,598,{-999: 'Missing'}
256,427,{-999: 'Missing'}
257,1261,{-999: 'Missing'}
258,6550,{-999: 'Missing'}
259,712,{-999: 'Missing'}
260,10854,{-999: 'Missing'}
261,11007,{-999: 'Missing'}
262,655,{-999: 'Missing'}
263,1258,{-999: 'Missing'}
264,1135,{-999: 'Missing'}
265,10930,{-999: 'Missing'}
266,4120,{-999: 'Missing'}
267,10667,{-999: 'Missing'}
268,10902,{-999: 'Missing'}
269,10849,{-999: 'Missing'}
270,3908,{-999: 'Missing'}
271,10791,{-999: 'Missing'}
272,10911,{-999: 'Missing'}
273,10331,{-999: 'Missing'}
274,10785,{-999: 'Missing'}
275,1291,{-999: 'Missing'}
276,5966,{-999: 'Missing'}
277,538,{-999: 'Missing'}
278,10900,{-999: 'Missing'}
279,11218,{-999: 'Missing'}
280,11268,{-999: 'Missing'}
281,10692,{-999: 'Missing'}
282,589,{-999: 'Missing'}
283,709,{-999: 'Missing'}
284,10874,{-999: 'Missing'}
285,5804,{-999: 'Missing'}
286,1009,{-999: 'Missing'}
287,10948,{-999: 'Missing'}
288,8885,{-999: 'Missing'}
289,10918,{-999: 'Missing'}
290,10818,{-999: 'Missing'}
291,1093,{-999: 'Missing'}
292,8348,{-999: 'Missing'}
293,4363,{-999: 'Missing'}
294,10831,{-999: 'Missing'}
295,877,{-999: 'Missing'}
296,9983,{-999: 'Missing'}
297,5453,{-999: 'Missing'}
298,10936,{-999: 'Missing'}
299,1294,{-999: 'Missing'}
300,658,{-999: 'Missing'}
301,10967,{-999: 'Missing'}
302,10989,{-999: 'Missing'}
303,10674,{-999: 'Missing'}
304,667,{-999: 'Missing'}
305,613,{-999: 'Missing'}
306,4399,{-999: 'Missing'}
307,925,{-999: 'Missing'}
308,10941,{-999: 'Missing'}
309,3992,{-999: 'Missing'}
310,10828,{-999: 'Missing'}
311,10647,{-999: 'Missing'}
312,8340,{-999: 'Missing'}
313,10994,{-999: 'Missing'}
314,6027,{-999: 'Missing'}
315,5672,{-999: 'Missing'}
316,10951,{-999: 'Missing'}
317,10972,{-999: 'Missing'}
318,7164,{-999: 'Missing'}
319,11011,{-999: 'Missing'}
320,9762,{-999: 'Missing'}
321,607,{-999: 'Missing'}
322,1249,{-999: 'Missing'}
323,676,{-999: 'Missing'}
324,10943,{-999: 'Missing'}
325,9661,{-999: 'Missing'}
326,10702,{-999: 'Missing'}
327,3800,{-999: 'Missing'}
328,7412,{-999: 'Missing'}
329,1255,{-999: 'Missing'}
330,853,{-999: 'Missing'}
331,5963,{-999: 'Missing'}
332,8279,{-999: 'Missing'}
333,673,{-999: 'Missing'}
334,10965,{-999: 'Missing'}
335,8181,{-999: 'Missing'}
336,823,{-999: 'Missing'}
